,Action 0,Action 1
State 0,-0.5263152848468939,-0.5263152274125716
State 1,-1.4736837887769545,0.5263162956011728
State 2,-1.4736837657772004,-0.5263153261894457
State 3,-0.526315333989029,-1.4736836846111074
State 4,0.5263162953299256,-1.4736837835217353
